last_name, first_name, id
Leverich, Tommye, 391312
Franzmann, Jill, 310695
Grobe, Fabian, 39921
Schoeneman, Raphael, 605937
Flocco, Melodi, 468227
Magnus, Luis, 919464
Tuel, Quincy, 267423
Messina, Denise, 565707
Schaefers, Theo, 391966
Judson, Dora, 733139
Emmitt, Bill, 515650
Penhallurick, Micheal, 89211
Basnight, Kirk, 444994
Logalbo, Sherie, 729043
Irwin, Verlene, 747508
Sniezek, Wm, 940305
Hervert, Marybeth, 230428
Dutta, Nelda, 313465
Biever, Lachelle, 152609
Gargano, Yuriko, 761510
Schomaker, Archie, 911135
Drewry, Jana, 825068
Isham, Alberto, 670450
Austen, Karena, 29753
Edmund, Lizzie, 241427
Faire, Tarra, 266482
Delucia, Hollis, 343401
Feduccia, Joi, 363171
Agent, Bryanna, 123010
Bisaccia, Evan, 871687
Engfer, Rebbecca, 15924
Kordsmeier, Sylvie, 912172
Rutman, Pat, 671012
Falis, Eulalia, 901996
Lipkind, Alaine, 150081
Mccaskin, Eva, 939764
Part, Eleonora, 528027
Teichmann, Alexandra, 690007
Kierzewski, Deedee, 616819
Mcgregory, Artie, 80158
Lia, Thea, 16293
Iseri, Robt, 911401
Drue, Bradly, 176809
Amass, Josette, 472294
Standing, Malcolm, 59590
Yam, Willow, 598593
Alamia, Pamila, 531638
Ohlund, Alvina, 519222
Branchaud, Kaley, 108597
Phimpradapsy, Corrine, 195136
Calixto, Eboni, 154997
Erlanson, Robbin, 158820
Herbert, Delilah, 444058
Sofka, Roseanne, 330591
Caruana, Renee, 596895
Hera, Theodora, 377672
Joly, Lanelle, 447836
Chernesky, Graig, 185277
Sornsen, Catalina, 949901
Farino, Shena, 635587
Kerbow, Mitchell, 85991
Sturgess, Savanna, 615581
Fahrner, Danyell, 304528
Bonn, Pamala, 957671
Albrittain, Meghann, 396032
Kerechanko, Mitchell, 275002
Surminec, Sheldon, 952816
Carner, Carson, 490469
Blasius, Zofia, 564990
Runde, Sal, 260704
Spancake, Mimi, 919168
Meads, Joel, 64513
Wordell, Erna, 372932
Ruka, Anton, 369764
Gulnick, Rashida, 106462
Favila, Chuck, 35552
Cuartas, Jennefer, 836124
Emmerich, Eda, 534596
Nifong, Anette, 372923
Kowalkowski, Alvina, 492974
Buckingham, Lindsay, 637414
Vanhoose, Cordell, 556978
Austill, Domitila, 277125
Brindamour, Mack, 716707
Maham, Sandy, 191276
Gurecki, Brenton, 858649
Kirkland, Clarisa, 998858
Maes, Stewart, 776763
Eilerman, Julio, 141782
Kitchel, Theodora, 596512
Chitrik, Merrill, 529651
Overcash, Simone, 283409
Corrow, Numbers, 953269
Stroup, Sana, 485874
Toner, Eldridge, 75813
Helgaas, Wally, 475790
Leithoff, Johnette, 946530
Zeleny, Rosalind, 698703
Carmany, Colette, 287006
Dobrzykowski, Wendell, 978215
Starns, Calista, 620175
Hamler, Renetta, 55936
Mccooey, Dorinda, 915395
Turnell, Evelynn, 726342
Flegler, Donita, 421410
Luangrath, Valeri, 178717
Scyoc, Dannie, 986220
Derosie, Nella, 945622
Tourikis, Nila, 957
Crawley, Dwana, 196566
Billesbach, Tami, 371602
Favela, Theo, 307189
Mehta, Felipe, 405241
Pulling, Alexia, 71802
Se, Ollie, 621984
Grippi, Enrique, 853221
Kleinpeter, Eleonora, 262554
Zynda, Perry, 862011
Frix, Jarod, 216046
Tresselt, Jesse, 617465
Augustine, Staci, 138226
Rainford, Drew, 487143
Thaler, Marge, 283097
Gutirrez, Earlie, 731823
Pirtle, Alanna, 783420
Dibrell, Elicia, 524950
Gzym, Rene, 876327
Charan, Essie, 252909
Stahlberg, Pattie, 62545
Corrales, Van, 228911
Wiatrek, Marietta, 71631
Shown, Roselee, 41004
Meiers, Fred, 81932
Tabian, Denisse, 825467
Alderton, Angle, 814369
Feoli, Sol, 249842
Quach, Susie, 347645
Grohoske, Archie, 186813
Risen, Willetta, 245943
Dooner, Donte, 559200
Delmundo, Gloria, 304094
Dionisio, Thad, 235248
Demory, Cherrie, 978649
Slone, Dian, 928015
Fowlar, Lashawna, 642160
Gerleman, Olimpia, 420926
Wish, Abby, 153910
Cervone, Lyda, 300763
Sensmeier, Clint, 130830
Sibeto, Bibi, 402894
Brandolino, Angle, 864935
Caradine, Hazel, 163318
Villot, Neida, 202872
Heinz, Ehtel, 27891
Wollan, Vernie, 235098
Shufford, Georgene, 247797
Jokela, Jennine, 959399
Rayna, Tanesha, 367980
Kohrt, Earl, 749182
Hagey, Cleotilde, 749631
Mckew, Mack, 288137
Osden, Lashawna, 520511
Jugan, Danyelle, 179971
Arriaga, Mana, 339890
Vandervort, Elvia, 247484
Criscillis, Herschel, 67881
Breining, Winifred, 451005
Nikaido, Noe, 806465
Miggins, Felicia, 725630
Malave, Denese, 761350
Shimsky, Chris, 843873
Kush, Kandis, 603656
Hoge, Shane, 405412
Devenney, Deangelo, 804723
Chatriand, Hilaria, 229946
Petrakis, Becki, 549966
Georgeson, Takako, 854920
Protin, Maura, 766620
Olynger, Tawnya, 944722
Elsner, Tennille, 755929
Mehrens, Gisela, 318920
Schomas, Sam, 36897
Noecker, Gregorio, 869312
Vardaro, Lyndia, 894159
Wenker, Krystle, 307239
Madeira, Sixta, 214349
Stenbeck, Loan, 159547
Alfero, Jimmy, 607601
Palmerton, Annelle, 331520
Halter, Eldora, 828913
Mesdaq, Cassondra, 221689
Symore, Willena, 286469
Vellone, Jacinda, 304876
Troyani, Kiyoko, 988854
Hew, Dusty, 527633
Boulden, James, 941205
Jurasek, Eugenia, 570036
Masar, Eladia, 608993
Westpfahl, Dyan, 621564
Dueber, Caron, 302447
Batala, Joanne, 502651
Jappa, Marlyn, 228680
Sikorski, Winnifred, 608783
Shammo, Julio, 661461
Burges, Lacy, 232073
Mullison, Foster, 818205
Mcevers, Sanda, 26164
Rubal, Giuseppina, 477408
Fennel, Adriane, 506216
Queja, Deloras, 94825
Palas, Mana, 748668
Krupansky, Esteban, 570643
Holey, Janeth, 417166
Palardy, Nguyet, 802277
Bialas, Tarah, 386223
Dreese, Dominic, 616873
Klinekole, Irena, 392271
Engstrom, Charlena, 265711
Squillante, Bonny, 967208
Lacerda, Erica, 851592
Kawa, Latoria, 169375
Richert, Katie, 218055
Calvey, Kathey, 589321
Polka, Lona, 455073
Huss, Sasha, 20403
Macintosh, Barb, 551263
Buzzeo, Coralie, 343086
Kerstetter, Jamie, 533206
Piech, Shaina, 85638
Charrier, Tisa, 122516
Montrella, Noriko, 641022
Sidur, Juliane, 651941
Conkwright, Juliette, 116567
Rast, Ned, 460194
Grealish, Thomas, 42781
Burnash, Foster, 272618
Janousek, Shantelle, 980674
Skene, Candice, 327480
Rea, Chanelle, 224288
Plotz, Lamar, 773619
Fiecke, Diego, 120793
Istorico, Rutha, 793241
Pleasants, Bella, 247580
Wallinger, Meghan, 499264
Segrest, Brock, 475675
Viti, Kaila, 795895
Hulburt, Chantal, 569551
Leonor, Keli, 499935
Defrang, Sau, 554559
Kansky, Chelsey, 863551
Balkcom, Collene, 762066
Hinkle, Christeen, 984118
Weisend, Lavina, 663652
Antonacci, Delma, 791322
Hoppins, Ashlyn, 410556
Dulkis, Kirsten, 538368
Agins, Amado, 668986
Tosi, Gregory, 14404
Sponsler, Leonor, 560730
Beards, Marielle, 348664
Rosselle, Olive, 740458
Shaline, Donella, 528117
Maged, Tobi, 650057
Nuce, Helaine, 643017
Mcgahen, Virginia, 315096
Walvatne, Tarra, 713224
Podlas, Joella, 940366
Reuer, Felisha, 134869
Scelzo, Gladis, 132024
Rotering, Bong, 65047
Veney, Arie, 519035
Marc, Archie, 289654
Hoschek, Sherilyn, 774872
Gruenwald, Deanne, 901840
Easterlin, Leesa, 529413
Sweetman, Rosalie, 217702
Rubio, Ava, 113657
Huft, Conrad, 853823
Scarpitto, Deon, 181430
Bocchieri, Soo, 908264
Osmond, Clemmie, 651093
Matos, Natalie, 565708
Quigg, Nada, 31743
Me, Sadie, 421498
Longueville, Alethia, 31548
Pouge, Alfredo, 151974
Imm, Tawny, 380028
Rady, Marian, 369728
Delevik, Rosella, 687387
Dearring, Daryl, 892477
Wasmund, David, 346008
Glaviano, Dudley, 755725
Ligonis, Aldo, 696107
Sigurdson, Misti, 383467
Spino, Waltraud, 120481
Selmer, Rubi, 323230
Carriveau, Malissa, 472322
Lenius, Lady, 304831
Clozza, Chana, 537321
Lonabaugh, Sabrina, 779795
Kulkarni, Kathey, 147759
Zuberbuhler, Patricia, 726498
Debreto, Lynwood, 298775
Briner, Eve, 951345
Kalista, Antonio, 506757
Casten, Talitha, 732912
Chowning, Arline, 854740
Burdock, Jamey, 217682
Balmos, Dionne, 447028
Hunsaker, Cherise, 525754
Hiler, Sha, 97577
Cackett, Lulu, 23572
Hemsworth, Kacie, 144464
Alvero, Edith, 790396
Droege, Shawn, 70002
Giarratano, Armida, 212415
Murdaugh, Chastity, 862110
Ronk, Tish, 926586
Clamp, Melynda, 43409
Wermter, Zana, 599677
Hooey, Phil, 314645
Xu, Joellen, 562056
Mimes, Emmy, 479791
Vichi, Sherwood, 688908
Borgella, Marry, 419033
Desena, Becki, 439993
Mcbryar, Carlyn, 584476
Silvius, Olga, 620642
Guilfoyle, Armando, 878932
Mavai, Cammy, 932598
Slemp, Elsa, 140116
Schmandt, Waltraud, 337950
Hackbart, Era, 655088
Twidwell, Lesia, 254902
Picariello, Justa, 700159
Jastremski, Jon, 30713
Burpee, Marni, 473333
Magedanz, Melinda, 980325
Tenhaeff, Dorian, 293270
Heers, Carolin, 63658
Opdyke, Gretchen, 718659
Burrelli, Mark, 298580
Ippolito, Veta, 414479
Bosh, Nelida, 164386
Nost, Tabetha, 271208
Alejandrez, Tran, 434117
Seals, Sunday, 641946
Paz, Elliot, 86832
Wiliams, Wendell, 857354
Paga, Malinda, 435655
Byrd, Suzie, 38193
Walvatne, Lavone, 813172
Nothnagel, Britni, 850125
Bozarth, Nakesha, 441904
Emiliano, Kallie, 787200
Schnipper, Marcie, 62302
Marshburn, Esther, 238977
Wider, Modesto, 297983
Debolt, Blanche, 566969
Matney, Maurice, 133731
Nidiffer, Hedwig, 762143
Handsaker, Taunya, 292925
Dowst, Irwin, 290863
Steigerwald, Hubert, 515478
Kovacevic, Sueann, 679213
Slayton, Rosario, 527577
Mcnamar, Quinn, 225643
Ayoob, Elinore, 643191
Polynice, Hayden, 792416
Otis, Delana, 117644
Gerosa, Ollie, 189515
Fend, Neda, 498626
Frothingham, Sammie, 173923
Koosman, Lia, 966111
Whitesel, Christene, 109624
Yannone, Marth, 278005
Schlenker, Rolande, 3368
Dottin, Shelli, 500842
Caruana, Essie, 166073
Sanpedro, Thuy, 951455
Digilio, Arnulfo, 328386
Gager, Rosalinda, 872691
Blain, Kizzie, 32303
Scarpato, Ina, 849187
Mantz, Amos, 218954
Polisoto, Ashli, 894613
Brisbois, Sanjuana, 750277
Bedford, Arvilla, 841932
Wieting, Fern, 25459
Yessios, Johnathon, 548863
Bloem, Nichelle, 699062
Weeda, Keely, 383647
Mantooth, Katharine, 886083
Geen, Blanch, 565151
Hescock, Elisabeth, 936427
Cully, Spring, 456654
Skeesick, Kimberlee, 587434
Pater, Martin, 66454
Doeberling, Carey, 35262
Shaffer, Krystin, 877503
Swiller, Marsha, 115606
Loe, Chang, 801724
Hondros, Tory, 345066
Merales, Dot, 214626
Matsuno, Tasia, 963074
Bucknor, Dionne, 213695
Watzke, Dusty, 293974
Baron, Jarod, 739669
Kiley, Emely, 446314
Finneran, Rima, 465331
Couvillier, Augustina, 951001
Grat, Janyce, 611530
Pillette, Carri, 266429
Dehaemers, Caroyln, 819453
Printz, Man, 807587
Favuzza, Aldo, 32785
Sommerfield, Antonietta, 126051
Schaber, Shauna, 773123
Labarre, Willie, 685212
Sulley, Katrina, 103265
Barcena, Yong, 108332
Intveld, Vickie, 268896
Cassisse, Katelyn, 74626
Schroeter, Young, 519015
Leonhardt, Susana, 673847
Lindau, Federico, 505350
Congress, Yanira, 215819
Rehak, Lawerence, 119613
Hefferan, Clemencia, 7896
Leebrick, Tonja, 204765
Merklin, Karima, 294016
Jaminet, Cris, 863556
Sitler, Bobbye, 566494
Ringgold, Judie, 933535
Sharer, Marceline, 610136
Seiley, Jack, 391494
Horse, Cameron, 683510
Dockendorf, Melodi, 475210
Rigney, Jeremy, 247772
Tomasko, Violette, 709596
Degreenia, Jerrold, 531212
Vanlier, Tari, 140342
Acre, Haley, 338792
Hedeiros, Dion, 326925
Sutterfield, Maragaret, 137313
Orum, Leeanne, 781703
Honnen, Alane, 570766
Buttery, Camilla, 772549
Irelan, Dallas, 60813
Walls, Antone, 539187
Munda, Jerrell, 402384
Sfatcu, Lily, 510942
Rowntree, Coral, 130309
Matsubara, Martine, 556676
Moncher, Janita, 388566
Mabray, Necole, 4108
Quaranta, Drew, 777392
Damas, Saturnina, 330663
Peplinski, Deann, 256862
Wdowiak, Rossie, 991014
Manzanilla, Lillie, 111269
Bettino, Rickie, 220403
Brouillette, Nannette, 837751
Kemppainen, Theola, 663851
Wala, Paz, 159579
Vannatten, Sina, 355083
Boldery, Vita, 725510
Shelor, Robbyn, 740939
Santillanez, Sanjuanita, 439350
Claybourn, Amy, 68676
Birnell, Coletta, 766107
Luzader, Austin, 34764
Jutte, Verdie, 636283
Girvin, Estela, 909640
Lopaz, Merle, 512414
Marohl, Deon, 552666
Baillet, Andrew, 772213
Goldwater, Salina, 139139
Scivally, Wynell, 476380
Buehler, Blondell, 215615
Thibadeau, Maida, 691561
Tarantino, Minh, 351186
Maxie, Erminia, 663412
Fortgang, Wyatt, 642357
Reinholtz, Allie, 64190
Calvery, Calvin, 823754
Huitzacua, Hellen, 896357
Conlon, Chang, 945102
Sundahl, Corine, 989616
Matten, Luciana, 682078
Gramley, Glady, 121104
Framer, Iona, 60748
Mieth, Karl, 559644
Pendexter, Judy, 410046
Munaz, Sonia, 812158
Dace, Edris, 605871
Cooley, Eli, 756732
Zoldak, Nicki, 525468
Hoerr, Molly, 557438
Down, Pablo, 775103
